Order,Item 1,Item 2,Item 3
1,14,0,0
2,54,5,23
3,41,37,0
4,76,63,60
5,24,0,0
6,67,61,0
7,47,0,0
8,37,76,74
9,39,79,62
10,83,0,0
11,33,35,46
12,12,74,0
13,70,71,79
14,25,33,10
15,89,34,0
16,60,79,0
17,73,45,0
18,50,87,0
19,41,0,0
20,25,0,0
21,68,83,50
22,49,37,83
23,28,15,19
24,32,0,0
25,14,62,90
26,37,49,89
27,24,37,0
28,67,42,0
29,76,89,15
30,65,42,0
31,89,17,63
32,71,40,0
33,16,0,0
34,84,52,45
35,65,19,23
36,33,24,68
37,16,63,0
38,90,60,37
39,33,86,36
40,24,0,0
41,33,0,0
42,27,37,39
43,19,0,0
44,4,0,0
45,12,0,0
46,19,5,0
47,27,11,0
48,42,71,0
49,59,15,24
50,10,34,0
51,84,87,22
52,27,47,0
53,21,34,0
54,14,52,0
55,39,60,0
56,19,0,0
57,74,15,0
58,15,55,0
59,34,0,0
60,68,32,0
61,71,25,80
62,33,45,0
63,62,34,37
64,8,9,47
65,33,0,0
66,20,33,0
67,20,0,0
68,13,89,22
69,90,0,0
70,32,0,0
71,40,64,52
72,57,52,38
73,8,33,17
74,26,73,42
75,76,83,17
76,6,87,71
77,24,0,0
78,19,9,37
79,5,25,0
80,68,0,0
81,47,33,24
82,50,4,80
83,19,13,0
84,69,4,0
85,10,62,0
86,11,47,0
87,8,47,0
88,72,89,5
89,89,81,0
90,60,56,77
91,80,46,18
92,13,42,59
93,87,79,0
94,17,11,0
95,55,34,41
96,32,80,70
97,61,26,10
98,40,0,0
99,20,0,0
100,21,4,0
101,61,0,0
102,68,0,0
103,61,70,15
104,79,22,62
105,71,55,0
106,42,12,33
107,27,77,34
108,37,2,33
109,44,38,0
110,23,0,0
111,33,2,34
112,68,11,55
113,62,0,0
114,63,19,11
115,10,79,89
116,60,23,4
117,79,46,0
118,15,68,0
119,46,87,28
120,15,24,62
121,42,9,0
122,60,0,0
123,34,89,67
124,13,0,0
125,64,0,0
126,60,74,3
127,8,46,77
128,71,55,79
129,3,81,0
130,68,72,45
131,59,2,0
132,4,40,0
133,33,29,0
134,11,14,6
135,87,41,0
136,50,11,14
137,60,0,0
138,80,45,16
139,86,0,0
140,82,0,0
141,86,4,32
142,27,13,0
143,46,19,26
144,22,0,0
145,23,40,38
146,2,16,0
147,77,89,0
148,42,0,0
149,40,0,0
150,24,41,0
151,60,42,0
152,50,60,0
153,47,0,0
154,63,39,0
155,14,84,0
156,37,78,0
157,84,23,0
158,13,0,0
159,77,0,0
160,38,2,0
161,46,0,0
162,52,47,0
163,72,27,10
164,19,26,0
165,24,0,0
166,50,80,17
167,65,52,0
168,37,25,86
169,19,76,0
170,28,47,70
171,62,79,16
172,21,89,0
173,25,87,19
174,64,37,0
175,22,72,0
176,73,0,0
177,25,69,0
178,20,74,0
179,33,25,87
180,37,68,0
181,24,39,33
182,25,0,0
183,85,84,71
184,63,89,0
185,36,26,0
186,76,68,38
187,4,23,42
188,89,21,55
189,2,3,46
190,13,28,0
191,87,6,68
192,28,44,64
193,1,89,0
194,62,17,0
195,17,55,0
196,72,21,0
197,72,6,0
198,19,83,17
199,33,65,19
200,64,19,0
201,79,19,0
202,61,22,0
203,84,42,0
204,22,87,0
205,47,44,0
206,47,0,0
207,35,41,0
208,4,43,26
209,6,74,0
210,20,0,0
211,87,90,0
212,26,65,68
213,16,72,62
214,90,87,26
215,8,32,12
216,21,22,0
217,12,86,32
218,19,43,0
219,66,50,0
220,14,0,0
221,72,0,0
222,19,4,77
223,17,0,0
224,28,27,60
225,47,35,0
226,17,86,0
227,23,8,0
228,41,8,0
229,17,63,71
230,77,26,0
231,77,51,25
232,77,90,0
233,12,11,0
234,15,4,52
235,71,74,87
236,5,0,0
237,49,34,42
238,49,32,0
239,87,0,0
240,80,0,0
241,61,26,0
242,44,74,0
243,8,17,0
244,37,23,32
245,19,86,0
246,74,15,0
247,62,0,0
248,50,61,11
249,87,62,34
250,44,28,20
251,80,72,71
252,19,90,0
253,88,62,41
254,67,62,0
255,51,44,0
256,62,83,65
257,61,2,80
258,79,62,17
259,8,18,0
260,80,32,0
261,52,32,0
262,16,27,0
263,67,0,0
264,79,72,32
265,33,24,0
266,59,0,0
267,88,53,0
268,90,60,0
269,81,25,0
270,15,62,0
271,79,11,37
272,79,23,0
273,90,3,0
274,74,83,42
275,3,41,74
276,17,35,79
277,45,90,23
278,74,0,0
279,90,86,38
280,20,65,26
281,71,37,0
282,22,39,0
283,47,42,45
284,50,19,89
285,33,65,0
286,88,22,0
287,2,22,0
288,76,0,0
289,90,0,0
290,36,0,0
291,11,78,34
292,22,83,0
293,12,0,0
294,86,0,0
295,65,61,8
296,90,47,61
297,48,79,0
298,17,0,0
299,61,67,8
300,44,12,43
301,45,2,68
302,53,33,11
303,55,43,0
304,60,69,8
305,38,27,0
306,77,8,0
307,25,61,0
308,8,86,0
309,27,32,22
310,83,68,77
311,12,40,8
312,34,63,47
313,71,32,39
314,10,34,0
315,67,47,50
316,39,10,0
317,12,77,16
318,49,80,69
319,34,69,32
320,33,88,0
321,27,11,2
322,67,0,0
323,22,0,0
324,43,36,0
325,86,89,0
326,63,0,0
327,51,26,24
328,17,0,0
329,80,76,89
330,79,74,0
331,52,71,0
332,23,0,0
333,27,55,80
334,45,25,0
335,19,0,0
336,47,39,0
337,52,33,0
338,80,0,0
339,27,25,22
340,86,37,0
341,39,66,0
342,39,17,16
343,25,0,0
344,37,62,0
345,83,86,0
346,50,49,21
347,60,0,0
348,16,45,83
349,44,0,0
350,17,41,0
351,11,89,41
352,90,27,59
353,39,2,33
354,79,9,14
355,47,0,0
356,67,17,0
357,41,61,0
358,84,5,0
359,87,9,0
360,20,40,8
361,17,68,0
362,44,13,0
363,2,0,0
364,86,0,0
365,4,42,0
366,41,2,15
367,26,79,0
368,82,13,62
369,39,43,24
370,42,8,3
371,42,43,8
372,75,69,11
373,25,67,0
374,67,71,19
375,2,38,0
376,50,33,49
377,40,0,0
378,4,43,0
379,60,27,83
380,6,38,52
381,19,55,0
382,33,90,0
383,83,67,0
384,37,0,0
385,25,50,19
386,42,0,0
387,44,0,0
388,9,70,0
389,3,0,0
390,32,89,0
391,28,61,52
392,13,35,69
393,17,0,0
394,33,0,0
395,71,77,0
396,60,27,15
397,6,61,88
398,61,70,0
399,9,8,33
400,71,19,79
401,28,0,0
402,61,6,74
403,16,0,0
404,84,87,65
405,11,77,22
406,19,8,14
407,68,47,22
408,46,41,64
409,26,77,0
410,74,86,63
411,60,23,74
412,26,0,0
413,35,42,66
414,32,12,28
415,89,44,0
416,8,61,0
417,49,47,0
418,20,39,13
419,64,63,8
420,60,77,22
421,17,0,0
422,8,30,0
423,59,39,0
424,10,87,0
425,79,0,0
426,55,62,39
427,12,0,0
428,52,21,86
429,34,6,63
430,25,47,0
431,90,0,0
432,90,67,0
433,79,19,0
434,90,71,0
435,27,1,22
436,6,72,90
437,43,3,65
438,8,12,71
439,37,21,0
440,17,37,0
441,27,33,40
442,34,76,0
443,83,39,71
444,16,0,0
445,34,50,72
446,15,27,0
447,15,77,0
448,87,83,20
449,77,63,33
450,90,21,50
451,8,32,25
452,66,11,13
453,19,87,0
454,2,74,22
455,77,88,76
456,74,44,0
457,79,0,0
458,43,72,12
459,62,40,0
460,47,18,0
461,12,59,0
462,65,0,0
463,90,0,0
464,87,74,0
465,19,74,0
466,88,32,12
467,52,74,37
468,39,27,0
469,75,40,0
470,60,21,0
471,60,84,0
472,59,60,80
473,46,0,0
474,14,32,78
475,41,50,0
476,68,0,0
477,68,0,0
478,3,59,63
479,59,0,0
480,89,11,0
481,89,74,0
482,21,27,13
483,34,22,79
484,4,16,19
485,68,16,0
486,79,0,0
487,2,0,0
488,84,9,90
489,59,15,83
490,39,0,0
491,15,28,0
492,33,41,0
493,19,87,71
494,79,66,0
495,71,0,0
496,17,74,71
497,10,22,27
498,76,49,79
499,62,60,0
500,22,34,0
501,21,20,0
502,87,0,0
503,61,6,23
504,59,68,0
505,55,47,33
506,33,18,67
507,65,12,0
508,16,11,22
509,72,32,16
510,80,23,88
511,87,0,0
512,80,74,0
513,60,9,0
514,37,0,0
515,71,59,13
516,89,60,59
517,11,44,0
518,28,76,33
519,60,8,0
520,47,0,0
521,19,12,79
522,3,55,16
523,45,77,29
524,17,12,0
525,17,32,12
526,22,0,0
527,83,20,16
528,12,16,0
529,27,62,77
530,60,35,65
531,90,13,4
532,89,35,0
533,63,45,0
534,39,0,0
535,3,0,0
536,47,0,0
537,28,27,0
538,53,0,0
539,32,71,42
540,68,75,0
541,13,52,32
542,62,49,9
543,17,62,0
544,90,0,0
545,39,0,0
546,83,0,0
547,32,8,55
548,26,87,0
549,27,0,0
550,17,4,0
551,68,13,0
552,9,72,0
553,74,0,0
554,62,90,0
555,39,27,0
556,68,10,0
557,34,45,86
558,80,76,62
559,30,13,0
560,24,23,0
561,47,28,67
562,62,17,42
563,71,28,86
564,32,77,0
565,12,0,0
566,2,39,0
567,19,71,15
568,17,50,0
569,7,0,0
570,63,34,0
571,15,22,34
572,8,90,77
573,68,0,0
574,17,3,32
575,14,69,0
576,44,79,0
577,69,37,0
578,13,34,8
579,63,19,27
580,27,0,0
581,46,2,0
582,2,71,82
583,73,69,0
584,33,60,0
585,83,42,0
586,89,71,0
587,45,22,66
588,49,0,0
589,86,0,0
590,62,17,0
591,72,46,0
592,15,4,0
593,26,67,15
594,22,0,0
595,61,45,0
596,87,0,0
597,6,0,0
598,23,77,74
599,14,19,0
600,40,79,2
601,80,68,0
602,16,23,57
603,68,19,55
604,89,43,0
605,15,26,0
606,27,17,0
607,70,13,0
608,25,67,0
609,22,42,8
610,87,8,61
611,14,26,0
612,47,0,0
613,11,80,0
614,38,0,0
615,39,60,36
616,12,22,27
617,88,65,0
618,90,0,0
619,43,33,0
620,63,90,8
621,84,11,17
622,14,16,0
623,69,60,62
624,47,4,0
625,33,0,0
626,65,72,0
627,27,62,0
628,21,0,0
629,38,68,0
630,8,49,25
631,11,16,0
632,52,87,0
633,86,65,4
634,27,65,0
635,15,0,0
636,16,40,8
637,41,35,0
638,11,0,0
639,52,21,0
640,79,13,68
641,90,16,42
642,16,74,24
643,47,14,84
644,8,37,68
645,67,13,0
646,17,0,0
647,81,89,0
648,72,47,59
649,79,37,0
650,47,0,0
651,4,62,25
652,60,73,33
653,74,47,41
654,71,52,87
655,8,82,6
656,62,39,34
657,8,6,0
658,17,0,0
659,28,0,0
660,17,61,0
661,56,26,12
662,17,13,12
663,22,39,34
664,82,33,60
665,55,0,0
666,13,12,0
667,14,33,0
668,9,55,0
669,61,0,0
670,16,0,0
671,47,36,55
672,12,0,0
673,4,35,0
674,80,45,22
675,33,39,52
676,83,0,0
677,19,27,0
678,77,44,72
679,86,25,0
680,12,62,0
681,86,47,0
682,13,60,16
683,6,74,0
684,12,29,0
685,27,68,0
686,32,0,0
687,88,0,0
688,27,14,0
689,10,19,8
690,59,70,36
691,8,39,0
692,24,0,0
693,32,0,0
694,82,41,69
695,86,9,23
696,60,77,0
697,13,0,0
698,39,8,17
699,8,47,40
700,70,0,0
701,32,28,42
702,17,55,60
703,74,33,0
704,77,12,61
705,75,0,0
706,17,0,0
707,86,79,42
708,67,68,64
709,72,49,0
710,71,64,0
711,53,55,0
712,2,24,69
713,62,74,72
714,62,79,0
715,86,25,0
716,79,49,0
717,75,0,0
718,47,15,0
719,82,77,0
720,51,63,0
721,5,16,32
722,13,24,61
723,60,0,0
724,1,62,49
725,47,59,50
726,32,88,0
727,69,80,28
728,63,62,0
729,37,47,59
730,61,81,0
731,74,24,0
732,47,90,0
733,47,48,44
734,65,0,0
735,86,9,0
736,47,77,0
737,63,79,60
738,74,59,62
739,33,0,0
740,25,17,0
741,22,29,0
742,27,0,0
743,62,77,0
744,60,15,0
745,90,0,0
746,17,40,0
747,25,80,0
748,72,26,61
749,75,23,44
750,79,35,0
751,89,27,25
752,50,61,22
753,6,16,25
754,60,80,55
755,61,8,62
756,40,9,0
757,90,45,0
758,60,84,0
759,19,35,0
760,67,27,0
761,62,0,0
762,62,49,68
763,22,0,0
764,63,8,50
765,39,0,0
766,79,32,0
767,80,20,22
768,62,12,0
769,23,77,0
770,55,0,0
771,42,59,86
772,12,59,63
773,13,0,0
774,62,73,42
775,90,17,0
776,74,0,0
777,44,17,11
778,33,87,0
779,87,34,0
780,42,80,0
781,81,26,0
782,69,71,0
783,9,32,0
784,34,8,0
785,15,0,0
786,74,77,83
787,14,62,0
788,33,63,52
789,76,80,0
790,35,8,0
791,90,28,0
792,52,37,83
793,87,89,10
794,69,39,76
795,32,68,83
796,90,63,14
797,90,0,0
798,74,65,0
799,17,81,0
800,40,20,6
801,28,88,0
802,26,32,19
803,36,0,0
804,89,19,0
805,73,27,17
806,59,25,0
807,22,61,42
808,79,84,0
809,74,14,0
810,61,87,78
811,9,71,50
812,16,90,0
813,70,47,0
814,39,7,52
815,61,0,0
816,60,68,0
817,19,0,0
818,10,0,0
819,12,0,0
820,11,55,17
821,83,65,4
822,89,4,83
823,15,71,0
824,12,83,0
825,11,90,0
826,83,23,0
827,80,4,0
828,59,0,0
829,40,19,0
830,50,0,0
831,42,62,89
832,87,41,74
833,19,0,0
834,22,61,0
835,86,46,59
836,12,74,0
837,22,17,53
838,68,74,27
839,68,0,0
840,47,6,57
841,16,24,0
842,80,40,23
843,34,79,8
844,55,0,0
845,65,4,13
846,90,8,60
847,48,0,0
848,77,0,0
849,67,0,0
850,79,77,0
851,42,0,0
852,66,79,77
853,87,49,0
854,79,8,0
855,66,0,0
856,4,60,24
857,52,84,39
858,68,22,0
859,80,0,0
860,77,37,59
861,90,8,86
862,67,55,0
863,60,77,0
864,69,79,59
865,42,0,0
866,8,68,62
867,19,0,0
868,86,0,0
869,50,0,0
870,80,0,0
871,33,4,0
872,5,55,0
873,16,74,0
874,12,79,0
875,80,19,37
876,76,2,0
877,43,90,0
878,33,89,0
879,10,16,13
880,17,0,0
881,80,71,0
882,18,17,0
883,4,0,0
884,35,63,40
885,51,90,0
886,52,45,0
887,73,53,0
888,28,0,0
889,43,13,90
890,81,0,0
891,80,0,0
892,3,0,0
893,8,69,0
894,4,19,22
895,8,90,68
896,26,34,86
897,69,37,0
898,20,0,0
899,72,8,0
900,37,34,63
901,43,3,0
902,22,55,0
903,50,44,74
904,64,69,0
905,50,0,0
906,68,90,0
907,64,84,80
908,60,79,22
909,61,39,25
910,78,50,40
911,26,55,0
912,74,0,0
913,16,0,0
914,8,41,73
915,22,9,0
916,47,33,0
917,47,72,75
918,47,9,20
919,25,41,73
920,83,61,41
921,84,60,70
922,74,77,80
923,37,90,81
924,88,0,0
925,11,24,0
926,80,0,0
927,83,59,13
928,82,68,0
929,88,22,87
930,65,62,0
931,62,27,59
932,34,0,0
933,75,47,0
934,19,0,0
935,61,17,42
936,69,23,0
937,35,37,0
938,40,83,24
939,52,50,0
940,23,0,0
941,14,0,0
942,13,0,0
943,10,0,0
944,18,2,0
945,14,23,68
946,37,89,26
947,65,0,0
948,86,50,8
949,4,8,0
950,45,60,64
951,70,0,0
952,8,47,0
953,32,83,0
954,14,79,46
955,83,74,80
956,90,62,42
957,34,82,0
958,60,71,25
959,72,40,19
960,47,46,0
961,27,65,0
962,43,31,0
963,74,50,88
964,13,0,0
965,64,0,0
966,79,46,68
967,81,60,69
968,25,62,79
969,25,0,0
970,72,36,0
971,24,55,25
972,77,25,0
973,6,0,0
974,72,17,0
975,37,46,14
976,17,90,61
977,65,50,0
978,90,49,0
979,60,62,0
980,89,17,61
981,61,0,0
982,47,76,62
983,13,0,0
984,80,16,0
985,16,21,0
986,79,14,0
987,39,33,41
988,8,33,87
989,32,0,0
990,46,63,42
991,24,0,0
992,16,39,0
993,16,0,0
994,67,27,23
995,89,68,0
996,21,42,0
997,34,47,0
998,16,41,68
999,24,0,0
1000,15,21,27
1001,33,89,0
1002,72,86,0
1003,4,84,27
1004,42,22,17
1005,79,0,0
1006,28,44,21
1007,17,59,11
1008,27,2,0
1009,44,0,0
1010,10,52,0
1011,70,0,0
1012,23,0,0
1013,69,22,63
1014,27,65,84
1015,21,84,0
1016,68,32,0
1017,77,9,0
1018,17,41,87
1019,90,52,0
1020,80,76,34
1021,89,86,32
1022,41,9,0
1023,34,12,0
1024,27,54,90
1025,8,26,43
1026,8,32,0
1027,89,14,4
1028,71,42,73
1029,81,25,0
1030,22,71,44
1031,62,74,0
1032,61,0,0
1033,27,17,0
1034,87,0,0
1035,25,90,0
1036,25,27,47
1037,62,12,47
1038,3,44,14
1039,47,0,0
1040,83,0,0
1041,34,23,0
1042,33,27,0
1043,60,9,0
1044,71,27,32
1045,62,71,0
1046,67,17,0
1047,67,23,60
1048,73,19,29
1049,88,39,0
1050,22,1,0
1051,20,0,0
1052,40,12,0
1053,26,80,0
1054,45,74,0
1055,25,65,0
1056,79,62,61
1057,12,37,0
1058,36,22,0
1059,34,8,33
1060,15,0,0
1061,19,68,74
1062,42,46,44
1063,41,0,0
1064,88,14,70
1065,62,72,88
1066,11,26,0
1067,25,0,0
1068,43,23,0
1069,11,6,23
1070,6,39,14
1071,21,61,0
1072,46,83,0
1073,22,0,0
1074,68,6,0
1075,21,62,0
1076,73,88,0
1077,74,0,0
1078,66,37,0
1079,19,0,0
1080,39,11,0
1081,72,0,0
1082,28,47,0
1083,65,32,78
1084,49,6,37
1085,15,60,0
1086,26,67,0
1087,2,32,0
1088,37,9,63
1089,33,20,0
1090,10,90,62
1091,23,0,0
1092,9,0,0
1093,22,26,0
1094,79,86,17
1095,49,79,0
1096,24,15,0
1097,45,0,0
1098,80,71,0
1099,4,35,27
1100,4,0,0
1101,79,69,60
1102,34,51,0
1103,68,70,0
1104,90,81,0
1105,4,50,77
1106,29,0,0
1107,22,0,0
1108,48,34,89
1109,8,90,39
1110,16,6,0
1111,70,55,47
1112,3,86,22
1113,74,0,0
1114,39,0,0
1115,22,33,68
1116,77,28,41
1117,8,41,0
1118,73,4,6
1119,17,12,15
1120,66,69,0
1121,22,23,50
1122,47,0,0
1123,42,90,0
1124,36,61,42
1125,55,0,0
1126,21,23,0
1127,2,0,0
1128,41,28,0
1129,22,24,0
1130,75,32,37
1131,63,4,88
1132,74,8,61
1133,60,45,27
1134,60,20,3
1135,27,49,0
1136,23,0,0
1137,25,0,0
1138,30,50,0
1139,35,0,0
1140,19,26,32
1141,14,17,0
1142,59,77,0
1143,42,47,25
1144,44,71,0
1145,44,45,0
1146,8,43,0
1147,50,42,13
1148,86,49,71
1149,52,10,0
1150,78,87,0
1151,13,39,0
1152,32,7,0
1153,4,62,6
1154,79,0,0
1155,87,0,0
1156,51,60,39
1157,68,19,60
1158,62,76,0
1159,65,90,0
1160,89,25,0
1161,16,47,0
1162,9,40,0
1163,22,0,0
1164,39,55,0
1165,26,50,0
1166,79,15,4
1167,28,0,0
1168,13,0,0
1169,76,21,0
1170,24,20,25
1171,65,33,54
1172,71,86,67
1173,15,74,34
1174,33,90,0
1175,75,44,89
1176,48,1,0
1177,63,83,26
1178,47,82,0
1179,45,69,60
1180,55,69,35
1181,51,12,8
1182,79,53,84
1183,74,2,0
1184,44,13,0
1185,4,69,84
1186,6,69,0
1187,60,17,16
1188,14,88,11
1189,34,0,0
1190,55,12,0
1191,79,61,13
1192,71,70,80
1193,45,0,0
1194,39,6,40
1195,68,23,20
1196,83,0,0
1197,70,61,47
1198,89,65,47
1199,73,59,0
1200,74,0,0
1201,76,69,70
1202,41,0,0
1203,46,17,0
1204,33,59,0
1205,42,37,0
1206,28,35,22
1207,23,13,0
1208,34,15,0
1209,44,0,0
1210,17,47,0
1211,87,86,0
1212,22,59,69
1213,76,68,0
1214,79,52,55
1215,8,24,0
1216,51,17,0
1217,22,69,0
1218,33,25,72
1219,12,17,50
1220,38,41,34
1221,45,70,35
1222,47,58,35
1223,11,6,0
1224,55,50,4
1225,79,19,0
1226,74,62,13
1227,73,33,66
1228,65,79,0
1229,68,89,0
1230,89,0,0
1231,65,44,0
1232,8,87,0
1233,45,0,0
1234,86,23,42
1235,28,47,0
1236,4,60,0
1237,68,0,0
1238,51,36,42
1239,70,37,77
1240,27,13,0
1241,46,88,0
1242,19,15,0
1243,25,72,41
1244,17,69,0
1245,81,22,78
1246,67,37,0
1247,89,36,0
1248,52,22,55
1249,24,69,77
1250,37,90,0
1251,10,0,0
1252,84,44,45
1253,44,0,0
1254,87,25,41
1255,64,22,41
1256,74,63,41
1257,67,27,34
1258,60,22,63
1259,61,27,0
1260,41,0,0
1261,77,23,0
1262,22,87,74
1263,38,13,0
1264,8,55,48
1265,65,43,28
1266,35,21,0
1267,22,4,0
1268,11,8,44
1269,14,47,44
1270,71,40,34
1271,39,0,0
1272,28,83,42
1273,34,24,63
1274,6,0,0
1275,34,47,0
1276,74,19,44
1277,42,60,0
1278,71,39,0
1279,33,22,0
1280,71,0,0
1281,20,45,0
1282,55,34,0
1283,28,49,79
1284,61,19,60
1285,79,28,0
1286,42,0,0
1287,3,34,71
1288,11,55,0
1289,61,2,80
1290,20,16,33
1291,85,19,0
1292,14,0,0
1293,69,60,64
1294,74,46,32
1295,60,33,34
1296,33,68,14
1297,36,0,0
1298,74,19,38
1299,59,4,0
1300,33,42,0
1301,63,8,0
1302,23,4,0
1303,68,82,83
1304,9,70,69
1305,15,9,0
1306,33,2,16
1307,59,27,0
1308,17,80,71
1309,73,63,37
1310,12,42,38
1311,86,52,67
1312,61,25,75
1313,69,40,0
1314,62,15,73
1315,87,55,10
1316,65,47,0
1317,47,50,0
1318,77,69,44
1319,74,59,77
1320,62,11,60
1321,26,80,17
1322,42,59,35
1323,33,72,71
1324,90,47,0
1325,21,62,0
1326,51,17,0
1327,25,0,0
1328,86,62,0
1329,60,15,26
1330,90,16,0
1331,27,0,0
1332,25,32,0
1333,27,63,19
1334,70,0,0
1335,22,47,0
1336,76,88,68
1337,67,68,0
1338,2,32,0
1339,47,0,0
1340,1,35,47
1341,14,59,0
1342,19,60,49
1343,32,0,0
1344,89,0,0
1345,15,55,61
1346,58,80,0
1347,47,0,0
1348,73,0,0
1349,6,62,0
1350,29,42,0
1351,1,80,0
1352,17,0,0
1353,89,14,0
1354,36,63,0
1355,79,39,0
1356,17,40,0
1357,82,59,32
1358,2,0,0
1359,1,61,0
1360,23,21,14
1361,19,0,0
1362,47,83,0
1363,81,22,0
1364,49,33,0
1365,68,61,5
1366,13,89,37
1367,11,55,17
1368,4,41,0
1369,90,0,0
1370,20,17,0
1371,77,32,0
1372,87,0,0
1373,77,65,0
1374,4,8,0
1375,69,74,0
1376,47,28,61
1377,42,33,0
1378,62,0,0
1379,68,37,12
1380,70,59,0
1381,82,25,37
1382,55,15,0
1383,63,19,46
1384,74,8,0
1385,33,72,19
1386,2,0,0
1387,12,32,0
1388,27,0,0
1389,33,27,0
1390,46,11,69
1391,13,0,0
1392,24,42,25
1393,50,19,22
1394,81,35,43
1395,26,0,0
1396,70,9,22
1397,87,79,36
1398,32,0,0
1399,72,71,42
1400,1,44,11
1401,87,32,61
1402,9,82,88
1403,2,37,19
1404,23,6,0
1405,22,59,0
1406,50,0,0
1407,16,36,90
1408,70,80,0
1409,44,0,0
1410,61,79,28
1411,27,90,0
1412,9,0,0
1413,4,90,43
1414,44,0,0
1415,60,47,79
1416,43,60,0
1417,89,39,0
1418,8,59,0
1419,40,51,44
1420,70,80,86
1421,24,17,42
1422,62,0,0
1423,62,0,0
1424,25,16,0
1425,45,0,0
1426,90,19,0
1427,13,39,77
1428,40,0,0
1429,17,6,16
1430,69,0,0
1431,36,0,0
1432,74,0,0
1433,72,0,0
1434,77,16,0
1435,69,34,59
1436,47,0,0
1437,88,27,0
1438,87,0,0
1439,1,20,90
1440,45,55,0
1441,46,0,0
1442,37,10,66
1443,69,16,0
1444,47,4,6
1445,86,42,21
1446,42,63,49
1447,90,73,88
1448,52,61,0
1449,15,12,0
1450,68,83,0
1451,44,23,0
1452,61,62,37
1453,17,52,0
1454,11,38,0
1455,33,63,0
1456,63,19,26
1457,78,42,61
1458,19,35,0
1459,12,62,0
1460,19,84,26
1461,63,90,0
1462,27,89,11
1463,83,62,27
1464,22,80,4
1465,50,69,0
1466,79,22,37
1467,55,33,16
1468,16,20,62
1469,41,26,4
1470,49,61,0
1471,25,61,0
1472,10,8,43
1473,35,28,10
1474,1,38,86
1475,89,57,63
1476,74,65,0
1477,11,61,45
1478,25,51,0
1479,77,24,0
1480,28,72,47
1481,12,2,0
1482,77,63,28
1483,60,0,0
1484,15,0,0
1485,87,20,90
1486,87,16,40
1487,13,26,0
1488,33,23,27
1489,33,0,0
1490,12,34,0
1491,36,32,0
1492,37,45,81
1493,83,1,47
1494,41,22,33
1495,21,47,0
1496,25,14,0
1497,27,74,0
1498,63,12,0
1499,57,74,0
1500,69,27,0
1501,33,40,60
1502,43,59,90
1503,36,65,47
1504,15,49,0
1505,67,27,56
1506,89,38,62
1507,55,53,0
1508,14,77,50
1509,55,74,23
1510,8,45,0
1511,19,37,71
1512,16,74,28
1513,87,77,4
1514,10,86,0
1515,86,76,0
1516,76,83,0
1517,72,63,0
1518,12,73,0
1519,60,52,0
1520,43,0,0
1521,69,60,0
1522,79,14,34
1523,79,0,0
1524,22,86,47
1525,52,71,0
1526,52,26,33
1527,61,0,0
1528,11,32,44
1529,59,33,0
1530,22,55,42
1531,17,74,70
1532,77,71,32
1533,65,39,33
1534,26,67,12
1535,49,43,19
1536,72,28,22
1537,52,39,0
1538,34,40,0
1539,63,0,0
1540,18,3,16
1541,23,15,40
1542,4,38,15
1543,26,34,68
1544,68,6,0
1545,28,63,46
1546,22,79,71
1547,25,68,27
1548,76,39,11
1549,39,4,79
1550,41,82,0
1551,47,25,0
1552,25,34,0
1553,19,42,0
1554,70,0,0
1555,19,0,0
1556,3,0,0
1557,34,22,37
1558,71,66,84
1559,79,72,0
1560,90,41,32
1561,23,71,28
1562,71,74,0
1563,47,9,13
1564,47,23,0
1565,84,22,71
1566,61,6,62
1567,26,33,0
1568,20,68,28
1569,62,23,0
1570,69,77,0
1571,85,30,15
1572,51,9,0
1573,14,19,90
1574,19,46,0
1575,90,49,4
1576,24,36,0
1577,19,0,0
1578,12,0,0
1579,81,47,0
1580,60,39,38
1581,44,77,36
1582,83,16,10
1583,88,0,0
1584,72,23,69
1585,41,62,0
1586,55,14,60
1587,27,0,0
1588,8,84,3
1589,28,33,0
1590,43,62,0
1591,89,8,72
1592,47,90,0
1593,61,0,0
1594,77,79,9
1595,21,65,0
1596,69,23,62
1597,42,13,0
1598,12,0,0
1599,16,10,0
1600,68,62,0
1601,82,0,0
1602,72,0,0
1603,12,20,83
1604,32,34,24
1605,64,70,0
1606,28,71,0
1607,47,44,33
1608,82,59,27
1609,33,44,25
1610,89,0,0
1611,15,38,0
1612,87,43,90
1613,70,45,71
1614,22,53,11
1615,26,89,0
1616,60,26,0
1617,42,12,33
1618,8,27,0
1619,65,0,0
1620,11,20,0
1621,83,68,0
1622,79,44,6
1623,13,12,33
1624,78,47,0
1625,60,63,62
1626,24,35,0
1627,61,13,0
1628,73,68,0
1629,65,17,22
1630,51,36,25
1631,49,35,0
1632,80,0,0
1633,27,34,0
1634,4,26,0
1635,70,27,0
1636,86,47,0
1637,86,35,0
1638,37,42,74
1639,55,77,0
1640,54,0,0
1641,41,49,0
1642,64,86,32
1643,12,0,0
1644,15,0,0
1645,24,12,0
1646,40,60,0
1647,85,65,0
1648,74,70,41
1649,29,80,16
1650,65,36,0
1651,88,60,52
1652,76,0,0
1653,21,55,0
1654,12,81,42
1655,33,25,13
1656,9,34,67
1657,32,61,68
1658,12,25,0
1659,71,44,0
1660,8,82,0
1661,71,69,0
1662,22,67,11
1663,28,87,39
1664,26,37,0
1665,25,42,77
1666,28,38,24
1667,67,6,0
1668,79,41,13
1669,60,0,0
1670,33,0,0
1671,83,10,0
1672,70,13,0
1673,14,19,25
1674,11,0,0
1675,37,15,0
1676,80,73,0
1677,47,86,22
1678,23,0,0
1679,73,40,16
1680,28,22,0
1681,51,0,0
1682,72,46,79
1683,60,39,40
1684,10,84,0
1685,35,42,0
1686,69,43,0
1687,79,12,42
1688,41,65,0
1689,6,80,13
1690,32,0,0
1691,86,25,50
1692,38,86,0
1693,69,13,63
1694,83,0,0
1695,78,13,76
1696,24,4,16
1697,41,0,0
1698,17,0,0
1699,14,0,0
1700,39,74,0
1701,52,42,33
1702,47,22,0
1703,1,24,87
1704,26,17,0
1705,35,89,0
1706,8,34,20
1707,43,28,0
1708,59,90,65
1709,62,90,0
1710,70,16,14
1711,19,63,0
1712,71,46,0
1713,71,79,0
1714,33,13,0
1715,6,8,0
1716,62,37,34
1717,87,79,0
1718,3,23,0
1719,78,0,0
1720,86,24,13
1721,20,62,24
1722,62,19,0
1723,9,6,26
1724,69,22,21
1725,32,40,26
1726,35,0,0
1727,63,0,0
1728,59,17,0
1729,34,22,82
1730,43,37,88
1731,19,60,63
1732,87,0,0
1733,39,87,86
1734,16,0,0
1735,84,21,12
1736,34,61,0
1737,16,59,14
1738,43,79,73
1739,2,47,0
1740,77,25,0
1741,55,7,42
1742,74,33,36
1743,67,87,27
1744,71,63,0
1745,35,0,0
1746,49,0,0
1747,32,89,0
1748,19,25,0
1749,42,0,0
1750,63,88,0
1751,40,34,62
1752,71,32,0
1753,28,0,0
1754,23,69,50
1755,35,80,0
1756,34,51,42
1757,16,44,0
1758,32,59,11
1759,13,0,0
1760,55,10,25
1761,55,79,42
1762,61,0,0
1763,60,17,37
1764,86,19,37
1765,12,0,0
1766,90,0,0
1767,15,82,62
1768,17,45,0
1769,22,0,0
1770,25,28,0
1771,22,13,0
1772,9,0,0
1773,87,71,0
1774,90,77,25
1775,87,78,0
1776,14,0,0
1777,33,77,59
1778,77,0,0
1779,19,11,0
1780,4,87,68
1781,77,19,37
1782,6,0,0
1783,60,59,0
1784,19,0,0
1785,89,0,0
1786,63,33,0
1787,19,0,0
1788,61,24,0
1789,71,26,78
1790,66,64,0
1791,42,0,0
1792,88,63,22
1793,90,84,85
1794,74,42,0
1795,61,50,13
1796,24,79,0
1797,63,42,60
1798,63,0,0
1799,80,67,0
1800,16,69,0
1801,80,22,0
1802,2,0,0
1803,26,37,0
1804,37,71,18
1805,8,0,0
1806,90,87,4
1807,78,74,76
1808,33,16,0
1809,77,55,0
1810,2,42,59
1811,22,4,0
1812,77,0,0
1813,19,38,37
1814,44,55,47
1815,42,0,0
1816,50,74,90
1817,22,90,32
1818,21,45,0
1819,88,35,0
1820,77,86,89
1821,8,63,0
1822,8,65,90
1823,74,36,19
1824,14,86,0
1825,90,69,62
1826,26,37,0
1827,67,0,0
1828,90,0,0
1829,14,19,28
1830,11,77,0
1831,33,20,0
1832,10,4,0
1833,25,1,67
1834,60,12,37
1835,55,16,0
1836,15,42,0
1837,63,0,0
1838,26,41,3
1839,6,38,15
1840,61,78,0
1841,67,27,0
1842,15,50,0
1843,71,0,0
1844,64,45,37
1845,52,71,0
1846,73,39,0
1847,28,16,90
1848,80,36,0
1849,77,0,0
1850,47,39,0
1851,46,0,0
1852,75,59,0
1853,78,11,0
1854,77,0,0
1855,65,0,0
1856,35,40,0
1857,77,87,0
1858,70,39,0
1859,62,32,68
1860,89,0,0
1861,68,49,13
1862,17,16,60
1863,22,63,0
1864,69,0,0
1865,4,90,0
1866,37,0,0
1867,90,68,12
1868,50,69,40
1869,57,39,84
1870,38,0,0
1871,39,82,0
1872,64,27,0
1873,83,0,0
1874,9,0,0
1875,83,17,0
1876,59,4,0
1877,62,81,2
1878,28,59,0
1879,89,59,8
1880,17,2,19
1881,23,34,61
1882,27,0,0
1883,6,0,0
1884,89,8,65
1885,43,2,86
1886,77,87,0
1887,21,35,33
1888,55,37,0
1889,24,70,6
1890,33,74,60
1891,47,68,34
1892,45,0,0
1893,88,71,61
1894,78,62,0
1895,72,47,70
1896,81,69,77
1897,42,3,78
1898,17,9,0
1899,49,26,87
1900,33,19,35
1901,24,62,0
1902,6,42,13
1903,13,0,0
1904,52,45,22
1905,34,0,0
1906,63,8,0
1907,18,0,0
1908,6,25,0
1909,52,83,0
1910,33,0,0
1911,21,0,0
1912,10,84,34
1913,62,44,17
1914,19,44,0
1915,79,10,0
1916,89,0,0
1917,8,61,0
1918,69,0,0
1919,89,87,71
1920,79,11,27
1921,15,0,0
1922,90,65,0
1923,33,2,62
1924,68,62,17
1925,72,55,40
1926,63,0,0
1927,20,11,0
1928,41,0,0
1929,16,77,71
1930,47,61,27
1931,77,71,70
1932,19,43,0
1933,14,0,0
1934,75,79,63
1935,88,0,0
1936,27,25,0
1937,65,0,0
1938,2,46,89
1939,4,0,0
1940,75,15,0
1941,16,68,22
1942,14,9,42
1943,83,71,0
1944,49,69,0
1945,7,19,65
1946,14,62,0
1947,63,0,0
1948,35,69,0
1949,45,0,0
1950,33,13,77
1951,67,0,0
1952,63,62,0
1953,76,17,16
1954,34,16,0
1955,21,25,0
1956,34,0,0
1957,12,65,0
1958,24,21,0
1959,47,34,0
1960,68,13,25
1961,51,0,0
1962,41,77,0
1963,55,78,0
1964,64,15,28
1965,50,0,0
1966,37,16,89
1967,26,0,0
1968,69,12,0
1969,88,61,0
1970,33,83,37
1971,89,75,62
1972,79,17,0
1973,68,45,51
1974,71,17,0
1975,90,33,35
1976,71,10,69
1977,12,0,0
1978,12,15,24
1979,37,86,8
1980,12,55,27
1981,41,21,70
1982,36,86,81
1983,71,0,0
1984,60,72,68
1985,68,77,87
1986,84,79,0
1987,84,40,0
1988,39,25,0
1989,6,19,32
1990,21,15,68
1991,72,80,25
1992,27,13,28
1993,38,86,0
1994,87,0,0
1995,45,70,12
1996,47,8,0
1997,74,20,45
1998,14,0,0
1999,62,88,0
2000,64,26,19
2001,67,44,79
2002,39,59,80
2003,72,0,0
2004,28,16,52
2005,66,23,14
2006,19,83,65
2007,16,62,74
2008,89,9,0
2009,7,47,12
2010,74,39,33
2011,19,0,0
2012,27,0,0
2013,12,87,26
2014,25,33,0
2015,33,15,0
2016,4,52,24
2017,47,80,0
2018,59,15,80
2019,89,0,0
2020,17,0,0
2021,34,42,8
2022,28,60,83
2023,60,17,6
2024,77,36,0
2025,34,84,77
2026,39,86,8
2027,47,25,0
2028,23,0,0
2029,77,87,61
2030,13,0,0
2031,90,60,3
2032,17,12,90
2033,40,21,75
2034,61,62,43
2035,44,69,16
2036,90,88,0
2037,47,32,4
2038,67,77,2
2039,28,34,0
2040,4,28,0
2041,90,50,0
2042,41,25,0
2043,22,36,0
2044,42,37,74
2045,10,55,25
2046,34,77,60
2047,89,0,0
2048,69,17,74
2049,19,23,16
2050,51,17,0
2051,47,22,71
2052,55,8,0
2053,44,0,0
2054,65,63,0
2055,62,76,50
2056,32,55,16
2057,32,63,0
2058,71,29,0
2059,89,40,15
2060,37,72,0
2061,16,11,23
2062,34,0,0
2063,39,51,0
2064,62,69,19
2065,40,67,72
2066,42,16,0
2067,79,0,0
2068,45,0,0
2069,84,10,61
2070,74,24,0
2071,71,62,0
2072,13,68,61
2073,28,71,0
2074,23,87,71
2075,61,88,87
2076,90,0,0
2077,45,74,0
2078,11,0,0
2079,14,80,38
2080,86,0,0
2081,39,52,72
2082,39,32,0
2083,26,0,0
2084,69,61,17
2085,89,2,28
2086,33,83,78
2087,33,43,0
2088,70,47,42
2089,70,33,62
2090,19,23,0
2091,46,59,22
2092,62,0,0
2093,75,65,33
2094,10,40,0
2095,9,0,0
2096,13,0,0
2097,41,20,0
2098,16,26,33
2099,19,74,40
2100,52,17,0
2101,24,71,0
2102,8,22,0
2103,37,22,9
2104,39,1,17
2105,9,68,69
2106,25,32,44
2107,8,12,77
2108,60,83,10
2109,43,61,0
2110,37,0,0
2111,73,32,41
2112,83,12,19
2113,69,8,0
2114,84,26,62
2115,77,0,0
2116,63,46,35
2117,47,12,33
2118,41,69,76
2119,60,61,0
2120,76,0,0
2121,90,60,13
2122,17,36,0
2123,2,35,0
2124,2,0,0
2125,52,35,10
2126,89,69,87
2127,45,22,42
2128,47,2,0
2129,37,74,0
2130,36,15,0
2131,86,90,33
2132,26,0,0
2133,34,19,71
2134,34,0,0
2135,15,90,0
2136,15,67,0
2137,27,79,0
2138,42,80,89
2139,79,55,0
2140,15,25,0
2141,42,90,0
2142,79,62,0
2143,77,52,0
2144,25,89,0
2145,61,0,0
2146,81,73,0
2147,22,47,39
2148,86,39,0
2149,27,15,37
2150,74,0,0
2151,85,0,0
2152,14,12,47
2153,41,23,0
2154,74,68,32
2155,8,27,22
2156,14,44,61
2157,74,0,0
2158,25,79,0
2159,37,0,0
2160,87,33,69
2161,72,19,0
2162,39,59,12
2163,26,69,19
2164,25,60,20
2165,77,0,0
2166,19,0,0
2167,79,16,69
2168,82,80,0
2169,37,25,3
2170,8,34,0
2171,90,46,83
2172,38,25,0
2173,32,22,12
2174,25,83,0
2175,71,4,72
2176,32,9,0
2177,21,79,0
2178,50,34,73
2179,16,64,62
2180,6,34,0
2181,39,69,22
2182,71,29,0
2183,89,72,39
2184,42,0,0
2185,17,62,0
2186,10,71,84
2187,79,86,30
2188,89,8,0
2189,39,73,0
2190,32,0,0
2191,19,33,63
2192,90,46,66
2193,25,16,27
2194,77,0,0
2195,68,4,60
2196,68,0,0
2197,19,23,0
2198,6,71,23
2199,62,48,0
2200,19,0,0
2201,65,71,0
2202,22,2,0
2203,48,83,50
2204,17,83,0
2205,42,84,33
2206,45,63,77
2207,27,74,90
2208,22,27,0
2209,39,53,0
2210,88,54,22
2211,39,27,0
2212,79,45,9
2213,68,85,24
2214,86,17,63
2215,86,31,17
2216,60,8,27
2217,69,25,77
2218,71,90,15
2219,62,67,0
2220,74,11,12
2221,28,61,22
2222,81,60,0
2223,77,52,47
2224,26,0,0
2225,40,36,23
2226,42,62,71
2227,36,27,0
2228,63,0,0
2229,4,8,0
2230,80,19,67
2231,63,51,66
2232,18,24,0
2233,77,68,13
2234,62,2,70
2235,12,26,0
2236,33,89,0
2237,79,6,19
2238,12,17,0
2239,19,62,79
2240,77,0,0
2241,36,15,68
2242,37,34,0
2243,10,79,3
2244,42,69,0
2245,76,88,47
2246,86,0,0
2247,8,42,24
2248,13,87,15
2249,55,28,0
2250,89,77,61
2251,59,66,0
2252,34,40,0
2253,45,69,8
2254,80,27,0
2255,57,8,0
2256,47,88,0
2257,9,59,0
2258,37,0,0
2259,22,65,12
2260,8,0,0
2261,49,74,0
2262,38,70,22
2263,32,88,62
2264,71,2,37
2265,77,0,0
2266,47,46,0
2267,90,0,0
2268,10,49,90
2269,77,71,0
2270,90,16,0
2271,79,47,59
2272,16,90,0
2273,90,69,0
2274,72,17,0
2275,25,33,62
2276,71,67,59
2277,34,23,42
2278,40,73,4
2279,46,11,0
2280,86,8,0
2281,43,27,0
2282,71,62,49
2283,46,15,0
2284,23,79,62
2285,24,71,0
2286,60,48,0
2287,41,37,68
2288,47,80,26
2289,34,22,79
2290,12,7,23
2291,39,27,0
2292,41,27,0
2293,40,45,0
2294,24,64,55
2295,47,68,0
2296,10,65,0
2297,86,87,47
2298,45,59,79
2299,62,0,0
2300,71,59,17
2301,77,22,0
2302,16,89,0
2303,23,27,12
2304,66,84,0
2305,50,43,71
2306,64,42,46
2307,34,33,0
2308,74,0,0
2309,8,87,0
2310,83,28,0
2311,52,0,0
2312,70,33,59
2313,68,77,20
2314,84,35,26
2315,63,0,0
2316,83,2,22
2317,50,0,0
2318,81,69,3
2319,88,41,0
2320,37,0,0
2321,20,0,0
2322,75,79,86
2323,28,62,0
2324,71,52,0
2325,13,42,0
2326,50,1,0
2327,15,9,50
2328,43,62,0
2329,16,4,20
2330,32,0,0
2331,8,46,0
2332,19,68,49
2333,69,32,0
2334,79,0,0
2335,22,27,0
2336,2,89,79
2337,32,69,17
2338,44,47,0
2339,34,0,0
2340,80,87,0
2341,12,0,0
2342,8,49,16
2343,20,26,19
2344,34,0,0
2345,89,59,8
2346,87,19,0
2347,79,38,0
2348,15,70,0
2349,26,17,0
2350,4,66,89
2351,86,66,0
2352,74,0,0
2353,39,58,62
2354,70,87,0
2355,15,89,0
2356,21,0,0
2357,52,28,0
2358,43,59,0
2359,17,65,0
2360,76,87,84
2361,37,45,62
2362,47,0,0
2363,61,0,0
2364,9,26,0
2365,23,16,0
2366,25,23,0
2367,79,52,0
2368,85,42,4
2369,33,90,67
2370,19,0,0
2371,74,50,0
2372,22,90,0
2373,81,25,17
2374,26,22,71
2375,72,24,0
2376,43,37,0
2377,2,76,0
2378,37,32,20
2379,50,2,86
2380,68,0,0
2381,32,55,0
2382,67,52,0
2383,20,0,0
2384,71,8,49
2385,23,52,0
2386,3,25,0
2387,63,86,0
2388,43,47,0
2389,83,55,16
2390,87,63,0
2391,79,22,0
2392,48,80,60
2393,14,81,0
2394,70,39,0
2395,45,0,0
2396,49,64,34
2397,33,80,10
2398,59,34,28
2399,34,63,26
2400,18,46,6
2401,23,15,6
2402,39,86,61
2403,42,0,0
2404,37,88,0
2405,71,26,0
2406,69,6,0
2407,25,69,0
2408,87,0,0
2409,88,70,77
2410,69,28,52
2411,3,52,0
2412,60,15,0
2413,45,60,0
2414,24,39,82
2415,22,0,0
2416,26,49,0
2417,37,77,0
2418,8,79,15
2419,14,23,0
2420,23,11,64
2421,40,0,0
2422,89,52,0
2423,25,0,0
2424,88,0,0
2425,75,88,0
2426,55,32,0
2427,55,0,0
2428,14,39,44
2429,74,22,0
2430,27,70,32
2431,70,63,0
2432,12,64,32
2433,77,0,0
2434,44,80,63
2435,74,60,0
2436,28,0,0
2437,14,67,0
2438,80,14,33
2439,47,71,0
2440,17,14,37
2441,50,0,0
2442,87,0,0
2443,65,0,0
2444,13,20,0
2445,4,0,0
2446,14,0,0
2447,37,0,0
2448,23,0,0
2449,40,79,88
2450,68,83,62
2451,79,76,0
2452,39,68,82
2453,49,0,0
2454,71,0,0
2455,17,0,0
2456,34,33,0
2457,88,0,0
2458,32,0,0
2459,39,86,77
2460,11,47,0
2461,19,0,0
2462,37,13,0
2463,25,22,0
2464,60,4,0
2465,17,49,45
2466,67,78,69
2467,24,0,0
2468,11,80,25
2469,39,90,6
2470,23,11,50
2471,86,42,0
2472,32,12,83
2473,81,47,52
2474,90,11,0
2475,80,8,0
2476,61,39,0
2477,90,0,0
2478,34,81,0
2479,68,70,0
2480,30,6,0
2481,55,79,0
2482,77,37,80
2483,40,55,0
2484,67,8,62
2485,52,33,23
2486,90,35,0
2487,37,63,0
2488,74,0,0
2489,17,0,0
2490,25,37,39
2491,59,38,0
2492,47,62,73
2493,49,0,0
2494,69,0,0
2495,60,0,0
2496,88,20,0
2497,87,52,0
2498,47,52,0
2499,50,12,0
2500,16,0,0
2501,13,0,0
2502,59,42,86
2503,14,22,24
2504,6,42,12
2505,90,61,0
2506,13,81,69
2507,61,10,13
2508,49,2,22
2509,78,0,0
2510,4,0,0
2511,33,22,87
2512,52,80,64
2513,86,0,0
2514,22,3,0
2515,16,87,68
2516,76,0,0
2517,10,21,76
2518,47,0,0
2519,24,33,6
2520,37,40,24
2521,62,0,0
2522,73,0,0
2523,57,4,47
2524,77,10,39
2525,70,42,0
2526,62,0,0
2527,15,36,0
2528,6,44,0
2529,27,59,32
2530,38,21,59
2531,13,89,0
2532,25,4,86
2533,87,12,0
2534,47,62,39
2535,60,90,80
2536,14,16,72
2537,13,14,0
2538,19,43,44
2539,46,17,40
2540,32,76,65
2541,46,2,0
2542,25,87,0
2543,52,36,26
2544,14,88,67
2545,75,0,0
2546,53,0,0
2547,17,9,0
2548,79,42,0
2549,14,70,45
2550,47,61,0
2551,57,87,33
2552,50,87,0
2553,12,67,10
2554,37,14,0
2555,86,25,0
2556,61,59,49
2557,8,0,0
2558,50,88,0
2559,71,67,87
2560,82,0,0
2561,72,79,0
2562,74,50,0
2563,68,0,0
2564,87,51,0
2565,14,15,0
2566,52,79,84
2567,75,13,0
2568,17,3,30
2569,26,0,0
2570,27,90,80
2571,6,0,0
2572,37,53,68
2573,71,88,79
2574,39,60,22
2575,39,90,79
2576,90,77,0
2577,27,68,0
2578,51,14,0
2579,70,79,0
2580,89,71,70
2581,37,52,65
2582,25,0,0
2583,13,87,0
2584,44,22,0
2585,89,0,0
2586,82,89,61
2587,34,13,25
2588,44,74,89
2589,65,62,0
2590,68,4,19
2591,40,33,0
2592,40,30,0
2593,42,0,0
2594,2,70,0
2595,65,0,0
2596,83,89,22
2597,86,73,0
2598,11,41,17
2599,25,51,61
2600,39,0,0
2601,89,0,0
2602,80,52,0
2603,62,15,23
2604,39,27,0
2605,41,28,69
2606,88,32,89
2607,67,52,0
2608,28,0,0
2609,64,23,0
2610,16,22,0
2611,79,17,0
2612,24,0,0
2613,19,61,27
2614,43,0,0
2615,73,20,62
2616,2,16,46
2617,76,0,0
2618,50,42,0
2619,86,16,0
2620,22,59,6
2621,14,34,21
2622,24,88,0
2623,60,0,0
2624,74,24,0
2625,74,78,0
2626,25,27,42
2627,6,47,0
2628,61,80,79
2629,21,0,0
2630,59,61,0
2631,27,63,0
2632,60,29,25
2633,60,84,0
2634,33,83,0
2635,19,0,0
2636,33,0,0
2637,32,17,0
2638,19,8,34
2639,90,0,0
2640,9,0,0
2641,13,4,2
2642,73,0,0
2643,73,52,0
2644,50,90,23
2645,38,49,0
2646,50,19,0
2647,45,55,0
2648,14,90,79
2649,33,36,79
2650,88,13,69
2651,26,45,39
2652,69,51,90
2653,60,69,67
2654,68,42,27
2655,39,0,0
2656,71,6,64
2657,77,8,23
2658,63,88,0
2659,79,0,0
2660,52,83,62
2661,77,84,0
2662,74,44,52
2663,77,47,0
2664,32,46,0
2665,49,80,43
2666,73,65,0
2667,59,21,0
2668,14,0,0
2669,22,8,82
2670,71,6,15
2671,9,0,0
2672,33,69,0
2673,83,25,0
2674,27,65,0
2675,89,38,0
2676,32,69,72
2677,24,62,0
2678,76,19,10
2679,33,84,0
2680,33,47,0
2681,39,90,43
2682,44,0,0
2683,19,76,73
2684,68,0,0
2685,22,13,0
2686,72,83,0
2687,39,83,25
2688,19,79,12
2689,49,79,0
2690,59,0,0
2691,13,4,0
2692,5,32,49
2693,83,70,0
2694,44,47,84
2695,69,33,0
2696,86,0,0
2697,12,28,37
2698,79,71,59
2699,49,0,0
2700,4,52,0
2701,34,71,0
2702,6,39,0
2703,7,23,51
2704,62,9,0
2705,75,24,12
2706,9,0,0
2707,61,16,0
2708,89,0,0
2709,47,8,76
2710,24,50,61
2711,79,27,0
2712,25,72,0
2713,60,42,0
2714,64,16,0
2715,51,73,52
2716,79,55,27
2717,55,47,0
2718,42,0,0
2719,62,42,0
2720,13,80,9
2721,70,76,0
2722,33,19,44
2723,73,27,0
2724,38,19,0
2725,45,40,60
2726,5,0,0
2727,79,13,27
2728,60,44,42
2729,25,0,0
2730,24,63,61
2731,77,25,0
2732,78,50,0
2733,87,15,80
2734,22,39,0
2735,22,90,0
2736,86,35,0
2737,15,42,22
2738,10,68,0
2739,62,3,74
2740,82,55,0
2741,70,11,63
2742,38,44,19
2743,55,24,84
2744,43,16,19
2745,72,0,0
2746,62,16,0
2747,62,12,0
2748,6,3,0
2749,74,0,0
2750,59,13,0
2751,60,49,25
2752,39,0,0
2753,49,13,0
2754,17,25,39
2755,13,40,8
2756,88,28,0
2757,65,21,19
2758,47,14,19
2759,63,0,0
2760,8,33,0
2761,28,61,0
2762,45,42,0
2763,53,0,0
2764,79,21,26
2765,88,26,0
2766,13,76,12
2767,9,87,0
2768,34,69,12
2769,64,4,0
2770,87,35,0
2771,88,41,0
2772,53,0,0
2773,17,62,0
2774,6,0,0
2775,13,0,0
2776,32,24,0
2777,11,61,0
2778,17,74,59
2779,52,0,0
2780,42,0,0
2781,37,27,0
2782,74,21,73
2783,47,0,0
2784,37,0,0
2785,13,0,0
2786,77,0,0
2787,75,65,27
2788,71,69,33
2789,32,25,0
2790,63,79,62
2791,67,60,0
2792,76,37,0
2793,16,0,0
2794,79,0,0
2795,40,0,0
2796,74,0,0
2797,3,50,0
2798,80,16,73
2799,42,40,9
2800,25,18,36
2801,6,0,0
2802,70,69,40
2803,77,69,0
2804,56,63,0
2805,89,6,0
2806,80,86,0
2807,15,50,70
2808,19,0,0
2809,87,62,78
2810,62,0,0
2811,68,0,0
2812,64,0,0
2813,77,2,0
2814,63,42,13
2815,25,55,52
2816,88,9,23
2817,12,0,0
2818,22,0,0
2819,14,0,0
2820,16,42,19
2821,9,53,62
2822,18,32,0
2823,69,32,0
2824,73,71,62
2825,47,90,80
2826,37,16,19
2827,42,15,41
2828,42,59,33
2829,72,60,3
2830,23,25,58
2831,41,52,0
2832,42,22,77
2833,71,59,6
2834,59,8,0
2835,65,0,0
2836,52,77,89
2837,64,14,0
2838,89,33,0
2839,76,40,0
2840,32,4,0
2841,62,39,0
2842,38,9,47
2843,90,0,0
2844,65,77,26
2845,28,74,0
2846,74,25,0
2847,21,76,0
2848,37,21,83
2849,75,50,0
2850,40,9,86
2851,67,55,62
2852,14,49,74
2853,62,19,67
2854,2,0,0
2855,37,23,28
2856,2,12,90
2857,63,62,89
2858,83,21,0
2859,25,0,0
2860,6,0,0
2861,12,0,0
2862,18,0,0
2863,34,12,0
2864,52,76,0
2865,15,41,0
2866,61,44,50
2867,86,41,0
2868,27,0,0
2869,63,41,34
2870,89,0,0
2871,73,68,90
2872,38,0,0
2873,45,37,32
2874,37,87,11
2875,12,50,0
2876,19,0,0
2877,65,80,0
2878,86,51,34
2879,55,27,0
2880,22,24,9
2881,42,74,26
2882,89,83,15
2883,88,25,0
2884,33,28,47
2885,20,79,0
2886,3,77,0
2887,86,60,0
2888,25,8,0
2889,52,28,0
2890,22,88,74
2891,24,23,59
2892,87,26,47
2893,19,21,39
2894,88,76,0
2895,39,41,22
2896,28,0,0
2897,17,39,0
2898,90,0,0
2899,19,0,0
2900,10,34,71
2901,20,12,0
2902,88,62,61
2903,15,42,0
2904,32,17,0
2905,82,47,0
2906,61,0,0
2907,27,0,0
2908,21,46,41
2909,17,60,0
2910,37,0,0
2911,77,19,62
2912,9,22,71
2913,44,84,43
2914,88,10,55
2915,89,71,0
2916,67,10,39
2917,47,82,66
2918,14,15,22
2919,9,20,47
2920,69,63,72
2921,27,88,11
2922,22,0,0
2923,12,13,0
2924,86,25,0
2925,21,4,33
2926,28,61,0
2927,17,40,0
2928,24,0,0
2929,61,39,64
2930,26,72,13
2931,87,50,0
2932,37,0,0
2933,5,76,0
2934,32,0,0
2935,74,0,0
2936,32,42,0
2937,23,80,0
2938,15,70,34
2939,19,69,17
2940,74,6,64
2941,10,0,0
2942,90,0,0
2943,28,4,59
2944,25,79,68
2945,67,55,0
2946,15,19,71
2947,74,0,0
2948,19,33,0
2949,75,0,0
2950,89,2,47
2951,80,39,23
2952,63,0,0
2953,17,83,0
2954,83,27,0
2955,3,0,0
2956,65,71,3
2957,77,28,8
2958,59,26,0
2959,23,52,0
2960,26,56,14
2961,79,4,23
2962,25,42,83
2963,23,62,0
2964,65,47,0
2965,27,46,89
2966,46,90,0
2967,44,86,0
2968,15,52,88
2969,77,67,0
2970,33,64,0
2971,40,0,0
2972,65,90,0
2973,32,0,0
2974,41,0,0
2975,39,0,0
2976,89,15,28
2977,34,59,0
2978,83,60,0
2979,90,19,22
2980,25,8,0
2981,89,12,2
2982,86,24,0
2983,42,63,65
2984,77,67,0
2985,66,22,0
2986,77,46,0
2987,61,0,0
2988,77,76,0
2989,79,70,0
2990,15,14,0
2991,59,60,36
2992,32,24,0
2993,15,0,0
2994,68,0,0
2995,6,84,0
2996,81,13,0
2997,41,79,87
2998,69,83,39
2999,35,16,0
3000,16,45,0
